min_recall,equal_opportunity,accuracy,precision,recall,demographic_parity,model_type,num_members,training_time,der,der_group_ Other,der_group_ White,grouping,description,num_groups
0.6018518518518519,0.08650269788883647,0.8695741195741196,0.7510628247520076,0.6803594351732991,0.11471321189687643,ensemble,3,1.7480370420962572,0.42777496198682213,0.23255813953488375,0.33433734939759036,2groups,2 ethnicity groups (White vs. Others),2
