min_recall,equal_opportunity,accuracy,precision,recall,demographic_parity,recall_group_African-American,recall_group_Asian,recall_group_Caucasian,recall_group_Hispanic,recall_group_Native American,recall_group_Other,model_type,num_members,training_time,der,der_group_African-American,der_group_Asian,der_group_Caucasian,der_group_Hispanic,der_group_Native American,der_group_Other,num_groups,iteration
0.5925925925925926,0.40740740740740744,0.6177285318559557,0.5580568720379147,0.7246153846153847,0.3484251968503937,0.7894736842105263,1.0,0.6373056994818653,0.6086956521739131,1.0,0.5925925925925926,ensemble,3,28.55804958427325,0.4735905044510387,0.6406250000000001,0.0,0.47342995169082125,0.4827586206896551,0,0.5714285714285714,6,0
0.0,1.0,0.6385041551246537,0.5758293838862559,0.7476923076923077,0.6071428571428572,0.8078947368421052,0.0,0.6113989637305699,0.7391304347826086,1.0,0.9259259259259259,ensemble,3,25.213115083053708,0.5289359054138146,0.7064220183486238,0.0,0.4694835680751174,0.8108108108108107,0,1.0769230769230766,6,1
0.5869565217391305,0.4130434782608695,0.6267313019390581,0.5655253837072018,0.7369230769230769,0.39087570075391453,0.8105263157894737,1.0,0.6424870466321243,0.5869565217391305,1.0,0.5925925925925926,ensemble,3,31.604576541110873,0.5369127516778522,0.7465437788018432,0.0,0.611650485436893,0.37931034482758624,0,0.606060606060606,6,2
