min_recall,equal_opportunity,accuracy,precision,recall,demographic_parity,recall_group_African-American,recall_group_Caucasian,recall_group_Hispanic,recall_group_Other,model_type,num_members,training_time,der,der_group_African-American,der_group_Caucasian,der_group_Hispanic,der_group_Other,num_groups,iteration
0.6333333333333333,0.18508771929824563,0.6199722607489597,0.5577142857142857,0.7519260400616333,0.30136113985513013,0.8184210526315789,0.6580310880829016,0.6739130434782609,0.6333333333333333,ensemble,5,14.995317624881864,0.546594982078853,0.7538860103626944,0.6737804878048781,0.767123287671233,0.576923076923077,4,0
0.43333333333333335,0.3850877192982456,0.5957004160887656,0.5371621621621622,0.7349768875192604,0.2805380880362971,0.8184210526315789,0.6528497409326425,0.5869565217391305,0.43333333333333335,ensemble,5,12.71053812513128,0.5629731589814179,0.8370165745856354,0.6224783861671469,0.5054945054945055,0.5733333333333333,4,1
