min_recall,equal_opportunity,accuracy,precision,recall,demographic_parity,recall_group_African-American,recall_group_Caucasian,recall_group_Hispanic,recall_group_Other,model_type,num_members,training_time,der,der_group_African-American,der_group_Caucasian,der_group_Hispanic,der_group_Other,num_groups,iteration
0.23333333333333334,0.17982456140350878,0.651872399445215,0.7474747474747475,0.3420647149460709,0.16198198148541132,0.4131578947368421,0.23834196891191708,0.2608695652173913,0.23333333333333334,ensemble,5,5.6414740001782775,0.27404789948959557,0.24010791366906478,0.16551724137931034,0.1575757575757576,0.26126126126126126,4,0
0.06521739130434782,0.33215102974828375,0.6449375866851595,0.7565543071161048,0.31124807395993837,0.2128115244051868,0.3973684210526316,0.21761658031088082,0.06521739130434782,0.2,ensemble,5,6.338811749592423,0.24116743471582186,0.19167389418907202,0.12598425196850394,0.11650485436893204,0.1333333333333333,4,1
0.15217391304347827,0.25308924485125855,0.644244105409154,0.75,0.31432973805855163,0.19460219705283796,0.4052631578947368,0.19170984455958548,0.15217391304347827,0.2,ensemble,5,7.485986583866179,0.2328393135725429,0.2170403587443946,0.10723514211886304,0.20000000000000004,0.11290322580645158,4,2
