min_recall,equal_opportunity,accuracy,precision,recall,demographic_parity,recall_group_African-American,recall_group_Asian,recall_group_Caucasian,recall_group_Hispanic,recall_group_Native American,recall_group_Other,member,split,model_type,dataset,iteration
0.8108108108108109,0.18918918918918914,0.5717255717255717,0.5156363636363637,0.817762399077278,0.34285714285714286,0.8111332007952287,1.0,0.8113207547169812,0.8909090909090909,1.0,0.8108108108108109,0,validation,,compas,2
0.8095238095238095,0.19047619047619047,0.5730629225169007,0.5168128654970761,0.8154555940023068,0.33333333333333337,0.8104448742746615,1.0,0.8095238095238095,0.8307692307692308,1.0,0.896551724137931,1,validation,,compas,2
0.8,0.19999999999999996,0.609464378575143,0.5446153846153846,0.8166089965397924,0.456439393939394,0.8083832335329342,1.0,0.8125,0.8939393939393939,1.0,0.8,2,validation,,compas,2
0.5869565217391305,0.4130434782608695,0.6163434903047091,0.5538116591928252,0.76,0.42741156002319736,0.8473684210526315,1.0,0.6476683937823834,0.5869565217391305,1.0,0.5925925925925926,0,test,individual,compas,2
0.5652173913043478,0.4347826086956522,0.6128808864265928,0.5497267759562842,0.7738461538461539,0.42741156002319736,0.8421052631578947,1.0,0.7046632124352331,0.5652173913043478,1.0,0.6296296296296297,1,test,individual,compas,2
0.5555555555555556,0.4444444444444444,0.6357340720221607,0.5822281167108754,0.6753846153846154,0.2523840473932639,0.7394736842105263,1.0,0.5803108808290155,0.5869565217391305,1.0,0.5555555555555556,2,test,individual,compas,2
