min_recall,equal_opportunity,accuracy,precision,recall,demographic_parity,recall_group_African-American,recall_group_Caucasian,recall_group_Hispanic,recall_group_Other,member,split,model_type,dataset,iteration
0.43612334801762115,0.21461194610002593,0.6595634095634095,0.6348600508905853,0.5755478662053056,0.22722007722007725,0.6507352941176471,0.43612334801762115,0.45,0.5277777777777778,0,validation,,compas,0
0.3275862068965517,0.30671131376460536,0.6096673596673596,0.5709046454767727,0.538638985005767,0.24572241787501398,0.6342975206611571,0.4233576642335766,0.3275862068965517,0.49019607843137253,1,validation,,compas,0
0.36764705882352944,0.27941176470588236,0.6715176715176715,0.664804469273743,0.5483870967741935,0.23695673695673697,0.6470588235294118,0.4338235294117647,0.36764705882352944,0.4,2,validation,,compas,0
0.26424870466321243,0.16733024270520863,0.6560332871012483,0.7339449541284404,0.3697996918335901,0.1551334025999796,0.43157894736842106,0.26424870466321243,0.30434782608695654,0.36666666666666664,0,test,individual,compas,0
0.16666666666666666,0.3096491228070175,0.6144244105409153,0.6094117647058823,0.39907550077041604,0.24042028177982966,0.4763157894736842,0.3005181347150259,0.32608695652173914,0.16666666666666666,1,test,individual,compas,0
0.23333333333333334,0.1456140350877193,0.6414701803051318,0.7244897959183674,0.32819722650231126,0.12878084271969886,0.37894736842105264,0.24352331606217617,0.32608695652173914,0.23333333333333334,2,test,individual,compas,0
