min_recall,equal_opportunity,accuracy,precision,recall,demographic_parity,member,dataset,model_type,grouping
0.6259259259259259,0.013658898698268862,0.8720921305182342,0.7780429594272077,0.6383812010443864,0.08487860650963454,0,validation,,2groups
0.6190476190476191,0.0043290043290042934,0.870172744721689,0.8046492659053833,0.6194662480376766,0.06485586546461045,1,validation,,2groups
0.6177619893428064,0.004615633034816047,0.8669379606879607,0.7773722627737226,0.618187681393099,0.06551703490808933,2,validation,,2groups
0.5833333333333334,0.08050447901933044,0.8681408681408681,0.7597820703318474,0.6563970902866924,0.10793517436197156,0,test,individual,2groups
0.5879629629629629,0.07446042223269955,0.8668099918099919,0.7554240631163708,0.6555412922550278,0.10570897460874082,1,test,individual,2groups
0.6342592592592593,0.10029991094347523,0.8610769860769861,0.7033195020746889,0.7252888318356868,0.1283200207805702,2,test,individual,2groups
