min_recall,equal_opportunity,accuracy,precision,recall,demographic_parity,recall_group_ Amer-Indian-Eskimo,recall_group_ Asian-Pac-Islander,recall_group_ Black,recall_group_ Other,recall_group_ White,member,split,model_type,dataset,iteration
0.8142907675981605,0.06806217357831001,0.8294817658349328,0.6069723018147087,0.8155277510426693,0.19574276842621344,0.8823529411764706,0.822429906542056,0.8243243243243243,0.8333333333333334,0.8142907675981605,0,validation,,adult,0
0.8,0.026923076923076827,0.8491362763915548,0.6473899692937564,0.8116778954122553,0.1848627181425898,0.8125,0.8269230769230769,0.8,0.8181818181818182,0.8116654954321855,1,validation,,adult,0
0.8027017419125488,0.05936722360469249,0.8184889434889435,0.5881387716830755,0.805198973042362,0.3179814561483508,0.8181818181818182,0.8620689655172413,0.806060606060606,0.8181818181818182,0.8027017419125488,2,validation,,adult,0
0.6363636363636364,0.1636363636363637,0.8316953316953317,0.6185425932261376,0.7736414206247325,0.23676088369070825,0.6363636363636364,0.7682926829268293,0.7787610619469026,0.8,0.7741631305987742,0,test,individual,adult,0
0.45454545454545453,0.35167802494535166,0.846949221949222,0.645473393227367,0.7993153615746684,0.22372984890187048,0.45454545454545453,0.7804878048780488,0.7168141592920354,0.8,0.8062234794908062,1,test,individual,adult,0
0.8181818181818182,0.09365222236509363,0.7494881244881245,0.48740265689418233,0.9105691056910569,0.2654320987654321,0.8181818181818182,0.8902439024390244,0.911504424778761,0.9,0.9118340405469119,2,test,individual,adult,0
