min_recall,equal_opportunity,accuracy,precision,recall,demographic_parity,recall_group_African-American,recall_group_Asian,recall_group_Caucasian,recall_group_Hispanic,recall_group_Native American,recall_group_Other,member,split,model_type,dataset,iteration
0.8018252933507171,0.19817470664928294,0.5979202772963604,0.5359144167091187,0.808608762490392,0.1936229650322705,0.8018252933507171,1.0,0.8184210526315789,0.8163265306122449,1.0,0.803921568627451,0,validation,,compas,0
0.8,0.18181818181818177,0.5902946273830156,0.5289783889980354,0.8284615384615385,0.38348271446862997,0.8249336870026526,0.8,0.8091603053435115,0.8522727272727273,0.8,0.9818181818181818,1,validation,,compas,0
0.45652173913043476,0.5434782608695652,0.600415512465374,0.5426900584795321,0.7138461538461538,0.41141732283464566,0.7605263157894737,1.0,0.689119170984456,0.45652173913043476,1.0,0.6296296296296297,0,test,individual,compas,0
0.5,0.5,0.6253462603878116,0.564650059311981,0.7323076923076923,0.2886190442276191,0.7947368421052632,1.0,0.6580310880829016,0.6304347826086957,0.5,0.5555555555555556,1,test,individual,compas,0
